variant_key,allele_frequency
2-166848921-G-A,0.00003
7-117559593-C-T,0.12
15-48727649-T-TA,0.0008
16-2097090-C-A,0.00001
